t,ego_x,ego_y,ego_v,ego_heading,agent_x,agent_y,agent_v,corridor_width
0,0,0,5,0,45,-4,1.5,3.7
0.1,0.5,0,5,0,45,-3.85,1.5,3.7
0.2,1,0,5,0,45,-3.7,1.5,3.7
0.3,1.5,0,5,0,45,-3.55,1.5,3.7
0.4,2,0,5,0,45,-3.4,1.5,3.7
0.5,2.5,0,5,0,45,-3.25,1.5,3.7
0.6,3,0,5,0,45,-3.1,1.5,3.7
0.7,3.5,0,5,0,45,-2.95,1.5,3.7
0.8,4,0,5,0,45,-2.8,1.5,3.7
0.9,4.5,0,5,0,45,-2.65,1.5,3.7
1,5,0,5,0,45,-2.5,1.5,3.7
1.1,5.5,0,5,0,45,-2.35,1.5,3.7
1.2,6,0,5,0,45,-2.2,1.5,3.7
1.3,6.5,0,5,0,45,-2.05,1.5,3.7
1.4,7,0,5,0,45,-1.9,1.5,3.7
1.5,7.5,0,5,0,45,-1.75,1.5,3.7
1.6,8,0,5,0,45,-1.6,1.5,3.7
1.7,8.5,0,5,0,45,-1.45,1.5,3.7
1.8,9,0,5,0,45,-1.3,1.5,3.7
1.9,9.5,0,5,0,45,-1.15,1.5,3.7
2,10,0,5,0,45,-1,1.5,3.7
2.1,10.5,0,5,0,45,-0.85,1.5,3.7
2.2,11,0,5,0,45,-0.7,1.5,3.7
2.3,11.5,0,5,0,45,-0.55,1.5,3.7
2.4,12,0,5,0,45,-0.399999999999999,1.5,3.7
2.5,12.5,0,5,0,45,-0.25,1.5,3.7
2.6,13,0,5,0,45,-0.0999999999999996,1.5,3.7
2.7,13.5,0,5,0,45,0.0500000000000007,1.5,3.7
2.8,14,0,5,0,45,0.2,1.5,3.7
2.9,14.5,0,5,0,45,0.350000000000001,1.5,3.7
3,15,0,5,0,45,0.5,1.5,3.7
3.1,15.5,0,5,0,45,0.65,1.5,3.7
3.2,16,0,5,0,45,0.800000000000001,1.5,3.7
3.3,16.5,0,5,0,45,0.95,1.5,3.7
3.4,17,0,5,0,45,1.1,1.5,3.7
3.5,17.5,0,5,0,45,1.25,1.5,3.7
3.6,18,0,5,0,45,1.4,1.5,3.7
3.7,18.5,0,5,0,45,1.55,1.5,3.7
3.8,19,0,5,0,45,1.7,1.5,3.7
3.9,19.5,0,5,0,45,1.85,1.5,3.7
4,20,0,5,0,45,2,1.5,3.7
4.1,20.5,0,5,0,45,2.15,1.5,3.7
4.2,21,0,5,0,45,2.3,1.5,3.7
4.3,21.5,0,5,0,45,2.45,1.5,3.7
4.4,22,0,5,0,45,2.6,1.5,3.7
4.5,22.5,0,5,0,45,2.75,1.5,3.7
4.6,23,0,5,0,45,2.9,1.5,3.7
4.7,23.5,0,5,0,45,3.05,1.5,3.7
4.8,24,0,5,0,45,3.2,1.5,3.7
4.9,24.5,0,5,0,45,3.35,1.5,3.7
5,25,0,5,0,45,3.5,1.5,3.7
5.1,25.5,0,5,0,45,3.65,1.5,3.7
5.2,26,0,5,0,45,3.8,1.5,3.7
5.3,26.5,0,5,0,45,3.95,1.5,3.7
5.4,27,0,5,0,45,4,1.5,3.7
5.5,27.5,0,5,0,45,4,1.5,3.7
5.6,28,0,5,0,45,4,1.5,3.7
5.7,28.5,0,5,0,45,4,1.5,3.7
5.8,29,0,5,0,45,4,1.5,3.7
5.9,29.5,0,5,0,45,4,1.5,3.7
6,30,0,5,0,45,4,1.5,3.7
6.1,30.5,0,5,0,45,4,1.5,3.7
6.2,31,0,5,0,45,4,1.5,3.7
6.3,31.5,0,5,0,45,4,1.5,3.7
6.4,32,0,5,0,45,4,1.5,3.7
6.5,32.5,0,5,0,45,4,1.5,3.7
6.6,33,0,5,0,45,4,1.5,3.7
6.7,33.5,0,5,0,45,4,1.5,3.7
6.8,34,0,5,0,45,4,1.5,3.7
6.9,34.5,0,5,0,45,4,1.5,3.7
7,35,0,5,0,45,4,1.5,3.7
7.1,35.5,0,5,0,45,4,1.5,3.7
7.2,36,0,5,0,45,4,1.5,3.7
7.3,36.5,0,5,0,45,4,1.5,3.7
7.4,37,0,5,0,45,4,1.5,3.7
7.5,37.5,0,5,0,45,4,1.5,3.7
7.6,38,0,5,0,45,4,1.5,3.7
7.7,38.5,0,5,0,45,4,1.5,3.7
7.8,39,0,5,0,45,4,1.5,3.7
7.9,39.5,0,5,0,45,4,1.5,3.7
8,40,0,5,0,45,4,1.5,3.7
8.1,40.5,0,5,0,45,4,1.5,3.7
8.2,41,0,5,0,45,4,1.5,3.7
8.3,41.5,0,5,0,45,4,1.5,3.7
8.4,42,0,5,0,45,4,1.5,3.7
8.5,42.5,0,5,0,45,4,1.5,3.7
8.6,43,0,5,0,45,4,1.5,3.7
8.7,43.5,0,5,0,45,4,1.5,3.7
8.8,44,0,5,0,45,4,1.5,3.7
8.9,44.5,0,5,0,45,4,1.5,3.7
9,45,0,5,0,45,4,1.5,3.7
9.1,45.5,0,5,0,45,4,1.5,3.7
9.2,46,0,5,0,45,4,1.5,3.7
9.3,46.5,0,5,0,45,4,1.5,3.7
9.4,47,0,5,0,45,4,1.5,3.7
9.5,47.5,0,5,0,45,4,1.5,3.7
9.6,48,0,5,0,45,4,1.5,3.7
9.7,48.5,0,5,0,45,4,1.5,3.7
9.8,49,0,5,0,45,4,1.5,3.7
9.9,49.5,0,5,0,45,4,1.5,3.7
10,50,0,5,0,45,4,1.5,3.7
