t,ego_x,ego_y,ego_v,ego_heading,agent_x,agent_y,agent_v,corridor_width,planner_response,seed,agent_type
0,0,0,5,0,45,-3,0.8,4,CRUISE,103,autorickshaw
0.1,0.5,0,5,0,45,-3,0.8,4,CRUISE,103,autorickshaw
0.2,1,0,5,0,45,-3,0.8,4,CRUISE,103,autorickshaw
0.3,1.5,0,5,0,45,-3,0.8,4,CRUISE,103,autorickshaw
0.4,2,0,5,0,45,-3,0.8,4,CRUISE,103,autorickshaw
0.5,2.5,0,5,0,45,-3,0.8,4,CRUISE,103,autorickshaw
0.6,3,0,5,0,45,-3,0.8,4,CRUISE,103,autorickshaw
0.7,3.5,0,5,0,45,-3,0.8,4,CRUISE,103,autorickshaw
0.8,4,0,5,0,45,-3,0.8,4,CRUISE,103,autorickshaw
0.9,4.5,0,5,0,45,-3,0.8,4,CRUISE,103,autorickshaw
1,5,0,5,0,45,-3,0.8,4,CRUISE,103,autorickshaw
1.1,5.5,0,5,0,45,-3,0.8,4,CRUISE,103,autorickshaw
1.2,6,0,5,0,45,-3,0.8,4,CRUISE,103,autorickshaw
1.3,6.5,0,5,0,45,-3,0.8,4,CRUISE,103,autorickshaw
1.4,7,0,5,0,45,-3,0.8,4,CRUISE,103,autorickshaw
1.5,7.5,0,5,0,45,-3,0.8,4,CRUISE,103,autorickshaw
1.6,8,0,5,0,45,-3,0.8,4,CRUISE,103,autorickshaw
1.7,8.5,0,5,0,45,-3,0.8,4,CRUISE,103,autorickshaw
1.8,9,0,5,0,45,-3,0.8,4,CRUISE,103,autorickshaw
1.9,9.5,0,5,0,45,-3,0.8,4,CRUISE,103,autorickshaw
2,10,0,5,0,45,-3,0.8,4,CRUISE,103,autorickshaw
2.1,10.5,0,5,0,45,-3,0.8,4,CRUISE,103,autorickshaw
2.2,11,0,5,0,45,-3,0.8,4,CRUISE,103,autorickshaw
2.3,11.5,0,5,0,45,-3,0.8,4,CRUISE,103,autorickshaw
2.4,12,0,5,0,45,-3,0.8,4,CRUISE,103,autorickshaw
2.5,12.5,0,5,0,45,-3,0.8,4,CRUISE,103,autorickshaw
2.6,13,0,5,0,45,-3,0.8,4,CRUISE,103,autorickshaw
2.7,13.5,0,5,0,45,-3,0.8,4,CRUISE,103,autorickshaw
2.8,14,0,5,0,45,-3,0.8,4,CRUISE,103,autorickshaw
2.9,14.5,0,5,0,45,-3,0.8,4,CRUISE,103,autorickshaw
3,15,0,5,0,45,-3,0.8,4,CRUISE,103,autorickshaw
3.1,15.5,0,5,0,45,-3,0.8,4,CRUISE,103,autorickshaw
3.2,16,0,5,0,45,-3,0.8,4,CRUISE,103,autorickshaw
3.3,16.5,0,5,0,45,-3,0.8,4,CRUISE,103,autorickshaw
3.4,17,0,5,0,45,-3,0.8,4,CRUISE,103,autorickshaw
3.5,17.5,0,5,0,45,-3,0.8,4,CRUISE,103,autorickshaw
3.6,18,0,5,0,45,-3,0.8,4,CRUISE,103,autorickshaw
3.7,18.5,0,5,0,45,-3,0.8,4,CRUISE,103,autorickshaw
3.8,19,0,5,0,45,-3,0.8,4,CRUISE,103,autorickshaw
3.9,19.5,0,5,0,45,-3,0.8,4,CRUISE,103,autorickshaw
4,20,0,5,0,45,-3,0.8,4,CRUISE,103,autorickshaw
4.1,20.5,0,5,0,45,-3,0.8,4,CRUISE,103,autorickshaw
4.2,21,0,5,0,45,-3,0.8,4,CRUISE,103,autorickshaw
4.3,21.5,0,5,0,45,-3,0.8,4,CRUISE,103,autorickshaw
4.4,22,0,5,0,45,-3,0.8,4,CRUISE,103,autorickshaw
4.5,22.5,0,5,0,45,-3,0.8,4,CRUISE,103,autorickshaw
4.6,23,0,5,0,45,-3,0.8,4,CRUISE,103,autorickshaw
4.7,23.5,0,5,0,45,-3,0.8,4,CRUISE,103,autorickshaw
4.8,24,0,5,0,45,-3,0.8,4,CRUISE,103,autorickshaw
4.9,24.5,0,5,0,45,-3,0.8,4,CRUISE,103,autorickshaw
5,25,0,5,0,45,-3,0.8,4,CRUISE,103,autorickshaw
5.1,25.5,0,5,0,45,-3,0.8,4,CRUISE,103,autorickshaw
5.2,26,0,5,0,45,-3,0.8,4,CRUISE,103,autorickshaw
5.3,26.5,0,5,0,45,-3,0.8,4,CRUISE,103,autorickshaw
5.4,27,0,5,0,45,-3,0.8,4,CRUISE,103,autorickshaw
5.5,27.5,0,5,0,45,-3,0.8,4,CRUISE,103,autorickshaw
5.6,28,0,5,0,45,-3,0.8,4,CRUISE,103,autorickshaw
5.7,28.5,0,5,0,45,-3,0.8,4,CRUISE,103,autorickshaw
5.8,29,0,5,0,45,-3,0.8,4,CRUISE,103,autorickshaw
5.9,29.5,0,5,0,45,-3,0.8,4,CRUISE,103,autorickshaw
6,30,0,5,0,45,-3,0.8,4,CRUISE,103,autorickshaw
6.1,30.5,0,5,0,45,-3,0.8,4,CRUISE,103,autorickshaw
6.2,31,0,5,0,45,-3,0.8,4,CRUISE,103,autorickshaw
6.3,31.5,0,5,0,45,-3,0.8,4,CRUISE,103,autorickshaw
6.4,32,0,5,0,45,-3,0.8,4,CRUISE,103,autorickshaw
6.5,32.5,0,5,0,45,-3,0.8,4,CRUISE,103,autorickshaw
6.6,33,0,5,0,45,-3,0.8,4,CRUISE,103,autorickshaw
6.7,33.5,0,5,0,45,-2.92,0.8,4,CRUISE,103,autorickshaw
6.8,34,0,5,0,45,-2.84,0.8,4,CRUISE,103,autorickshaw
6.9,34.5,0,5,0,45,-2.76,0.8,4,CRUISE,103,autorickshaw
7,35,0,5,0,45,-2.68,0.8,4,CRUISE,103,autorickshaw
7.1,35.5,0,5,0,45,-2.6,0.8,4,CRUISE,103,autorickshaw
7.2,36,0,5,0,45,-2.52,0.8,4,CRUISE,103,autorickshaw
7.3,36.5,0,5,0,45,-2.44,0.8,4,CRUISE,103,autorickshaw
7.4,37,0,5,0,45,-2.36,0.8,4,CRUISE,103,autorickshaw
7.5,37.5,0,5,0,45,-2.28,0.8,4,CRUISE,103,autorickshaw
7.6,38,0,5,0,45,-2.2,0.8,4,CRUISE,103,autorickshaw
7.7,38.5,0,5,0,45,-2.12,0.8,4,CRUISE,103,autorickshaw
7.8,39,0,5,0,45,-2.04,0.8,4,CRUISE,103,autorickshaw
7.9,39.5,0,5,0,45,-1.96,0.8,4,CRUISE,103,autorickshaw
8,40,0,5,0,45,-1.88,0.8,4,CRUISE,103,autorickshaw
8.1,40.5,0,5,0,45,-1.8,0.8,2.55,CRUISE,103,autorickshaw
8.2,41,0,5,0,45,-1.72,0.8,2.55,CRUISE,103,autorickshaw
8.3,41.5,0,5,0,45,-1.64,0.8,2.55,CRUISE,103,autorickshaw
8.4,42,0,5,0,45,-1.56,0.8,2.55,CRUISE,103,autorickshaw
8.5,42.5,0,5,0,45,-1.48,0.8,2.55,CRUISE,103,autorickshaw
8.6,43,0,5,0,45,-1.4,0.8,2.55,CRUISE,103,autorickshaw
8.7,43.5,0,5,0,45,-1.32,0.8,2.55,CRUISE,103,autorickshaw
8.8,44,0,5,0,45,-1.24,0.8,2.55,CRUISE,103,autorickshaw
8.9,44.5,0,5,0,45,-1.16,0.8,2.55,CRUISE,103,autorickshaw
9,45,0,5,0,45,-1.08,0.8,2.55,CRUISE,103,autorickshaw
9.1,45.5,0,5,0,45,-0.999999999999999,0.8,2.55,CRUISE,103,autorickshaw
9.2,46,0,5,0,45,-0.919999999999999,0.8,2.55,CRUISE,103,autorickshaw
9.3,46.5,0,5,0,45,-0.839999999999999,0.8,2.55,CRUISE,103,autorickshaw
9.4,47,0,5,0,45,-0.759999999999999,0.8,2.55,CRUISE,103,autorickshaw
9.5,47.5,0,5,0,45,-0.679999999999999,0.8,2.55,CRUISE,103,autorickshaw
9.6,48,0,5,0,45,-0.599999999999999,0.8,2.55,CRUISE,103,autorickshaw
9.7,48.5,0,5,0,45,-0.519999999999999,0.8,2.55,CRUISE,103,autorickshaw
9.8,49,0,5,0,45,-0.439999999999999,0.8,2.55,CRUISE,103,autorickshaw
9.9,49.5,0,5,0,45,-0.359999999999999,0.8,2.55,CRUISE,103,autorickshaw
10,50,0,5,0,45,-0.279999999999998,0.8,2.55,CRUISE,103,autorickshaw
10.1,50.5,0,5,0,45,-0.199999999999998,0.8,2.55,CRUISE,103,autorickshaw
10.2,51,0,5,0,45,-0.119999999999998,0.8,2.55,CRUISE,103,autorickshaw
10.3,51.5,0,5,0,45,-0.0399999999999983,0.8,2.55,CRUISE,103,autorickshaw
10.4,52,0,5,0,45,0.0400000000000018,0.8,2.55,CRUISE,103,autorickshaw
10.5,52.5,0,5,0,45,0.120000000000002,0.8,2.55,CRUISE,103,autorickshaw
10.6,53,0,5,0,45,0.200000000000002,0.8,2.55,CRUISE,103,autorickshaw
10.7,53.5,0,5,0,45,0.280000000000001,0.8,2.55,CRUISE,103,autorickshaw
10.8,54,0,5,0,45,0.360000000000001,0.8,2.55,CRUISE,103,autorickshaw
10.9,54.5,0,5,0,45,0.440000000000001,0.8,2.55,CRUISE,103,autorickshaw
11,55,0,5,0,45,0.52,0.8,4,CRUISE,103,autorickshaw
11.1,55.5,0,5,0,45,0.6,0.8,4,CRUISE,103,autorickshaw
11.2,56,0,5,0,45,0.68,0.8,4,CRUISE,103,autorickshaw
11.3,56.5,0,5,0,45,0.76,0.8,4,CRUISE,103,autorickshaw
11.4,57,0,5,0,45,0.76,0.8,4,CRUISE,103,autorickshaw
11.5,57.5,0,5,0,45,0.76,0.8,4,CRUISE,103,autorickshaw
11.6,58,0,5,0,45,0.76,0.8,4,CRUISE,103,autorickshaw
11.7,58.5,0,5,0,45,0.76,0.8,4,CRUISE,103,autorickshaw
11.8,59,0,5,0,45,0.76,0.8,4,CRUISE,103,autorickshaw
11.9,59.5,0,5,0,45,0.76,0.8,4,CRUISE,103,autorickshaw
12,60,0,5,0,45,0.76,0.8,4,CRUISE,103,autorickshaw
12.1,60.5,0,5,0,45,0.76,0.8,4,CRUISE,103,autorickshaw
12.2,61,0,5,0,45,0.76,0.8,4,CRUISE,103,autorickshaw
12.3,61.5,0,5,0,45,0.76,0.8,4,CRUISE,103,autorickshaw
12.4,62,0,5,0,45,0.76,0.8,4,CRUISE,103,autorickshaw
12.5,62.5,0,5,0,45,0.76,0.8,4,CRUISE,103,autorickshaw
12.6,63,0,5,0,45,0.76,0.8,4,CRUISE,103,autorickshaw
12.7,63.5,0,5,0,45,0.76,0.8,4,CRUISE,103,autorickshaw
12.8,64,0,5,0,45,0.76,0.8,4,CRUISE,103,autorickshaw
12.9,64.5,0,5,0,45,0.76,0.8,4,CRUISE,103,autorickshaw
13,65,0,5,0,45,0.76,0.8,4,CRUISE,103,autorickshaw
13.1,65.5,0,5,0,45,0.76,0.8,4,CRUISE,103,autorickshaw
13.2,66,0,5,0,45,0.76,0.8,4,CRUISE,103,autorickshaw
13.3,66.5,0,5,0,45,0.76,0.8,4,CRUISE,103,autorickshaw
13.4,67,0,5,0,45,0.76,0.8,4,CRUISE,103,autorickshaw
13.5,67.5,0,5,0,45,0.76,0.8,4,CRUISE,103,autorickshaw
13.6,68,0,5,0,45,0.76,0.8,4,CRUISE,103,autorickshaw
13.7,68.5,0,5,0,45,0.76,0.8,4,CRUISE,103,autorickshaw
13.8,69,0,5,0,45,0.76,0.8,4,CRUISE,103,autorickshaw
13.9,69.5,0,5,0,45,0.76,0.8,4,CRUISE,103,autorickshaw
14,70,0,5,0,45,0.76,0.8,4,CRUISE,103,autorickshaw
14.1,70.5,0,5,0,45,0.76,0.8,4,CRUISE,103,autorickshaw
14.2,71,0,5,0,45,0.76,0.8,4,CRUISE,103,autorickshaw
14.3,71.5,0,5,0,45,0.76,0.8,4,CRUISE,103,autorickshaw
14.4,72,0,5,0,45,0.76,0.8,4,CRUISE,103,autorickshaw
14.5,72.5,0,5,0,45,0.76,0.8,4,CRUISE,103,autorickshaw
14.6,73,0,5,0,45,0.76,0.8,4,CRUISE,103,autorickshaw
14.7,73.5,0,5,0,45,0.76,0.8,4,CRUISE,103,autorickshaw
14.8,74,0,5,0,45,0.76,0.8,4,CRUISE,103,autorickshaw
14.9,74.5,0,5,0,45,0.76,0.8,4,CRUISE,103,autorickshaw
15,75,0,5,0,45,0.76,0.8,4,CRUISE,103,autorickshaw
15.1,75.5,0,5,0,45,0.76,0.8,4,CRUISE,103,autorickshaw
15.2,76,0,5,0,45,0.76,0.8,4,CRUISE,103,autorickshaw
15.3,76.5,0,5,0,45,0.76,0.8,4,CRUISE,103,autorickshaw
15.4,77,0,5,0,45,0.76,0.8,4,CRUISE,103,autorickshaw
15.5,77.5,0,5,0,45,0.76,0.8,4,CRUISE,103,autorickshaw
15.6,78,0,5,0,45,0.76,0.8,4,CRUISE,103,autorickshaw
15.7,78.5,0,5,0,45,0.76,0.8,4,CRUISE,103,autorickshaw
15.8,79,0,5,0,45,0.76,0.8,4,CRUISE,103,autorickshaw
15.9,79.5,0,5,0,45,0.76,0.8,4,CRUISE,103,autorickshaw
16,80,0,5,0,45,0.76,0.8,4,CRUISE,103,autorickshaw
16.1,80.5,0,5,0,45,0.76,0.8,4,CRUISE,103,autorickshaw
16.2,81,0,5,0,45,0.76,0.8,4,CRUISE,103,autorickshaw
16.3,81.5,0,5,0,45,0.76,0.8,4,CRUISE,103,autorickshaw
16.4,82,0,5,0,45,0.76,0.8,4,CRUISE,103,autorickshaw
16.5,82.5,0,5,0,45,0.76,0.8,4,CRUISE,103,autorickshaw
16.6,83,0,5,0,45,0.76,0.8,4,CRUISE,103,autorickshaw
16.7,83.5,0,5,0,45,0.76,0.8,4,CRUISE,103,autorickshaw
16.8,84,0,5,0,45,0.76,0.8,4,CRUISE,103,autorickshaw
16.9,84.5,0,5,0,45,0.76,0.8,4,CRUISE,103,autorickshaw
17,85,0,5,0,45,0.76,0.8,4,CRUISE,103,autorickshaw
17.1,85.5,0,5,0,45,0.76,0.8,4,CRUISE,103,autorickshaw
17.2,86,0,5,0,45,0.76,0.8,4,CRUISE,103,autorickshaw
17.3,86.5,0,5,0,45,0.76,0.8,4,CRUISE,103,autorickshaw
17.4,87,0,5,0,45,0.76,0.8,4,CRUISE,103,autorickshaw
17.5,87.5,0,5,0,45,0.76,0.8,4,CRUISE,103,autorickshaw
17.6,88,0,5,0,45,0.76,0.8,4,CRUISE,103,autorickshaw
17.7,88.5,0,5,0,45,0.76,0.8,4,CRUISE,103,autorickshaw
17.8,89,0,5,0,45,0.76,0.8,4,CRUISE,103,autorickshaw
17.9,89.5,0,5,0,45,0.76,0.8,4,CRUISE,103,autorickshaw
18,90,0,5,0,45,0.76,0.8,4,CRUISE,103,autorickshaw
18.1,90.5,0,5,0,45,0.76,0.8,4,CRUISE,103,autorickshaw
18.2,91,0,5,0,45,0.76,0.8,4,CRUISE,103,autorickshaw
18.3,91.5,0,5,0,45,0.76,0.8,4,CRUISE,103,autorickshaw
18.4,92,0,5,0,45,0.76,0.8,4,CRUISE,103,autorickshaw
18.5,92.5,0,5,0,45,0.76,0.8,4,CRUISE,103,autorickshaw
18.6,93,0,5,0,45,0.76,0.8,4,CRUISE,103,autorickshaw
18.7,93.5,0,5,0,45,0.76,0.8,4,CRUISE,103,autorickshaw
18.8,94,0,5,0,45,0.76,0.8,4,CRUISE,103,autorickshaw
18.9,94.5,0,5,0,45,0.76,0.8,4,CRUISE,103,autorickshaw
19,95,0,5,0,45,0.76,0.8,4,CRUISE,103,autorickshaw
19.1,95.5,0,5,0,45,0.76,0.8,4,CRUISE,103,autorickshaw
19.2,96,0,5,0,45,0.76,0.8,4,CRUISE,103,autorickshaw
19.3,96.5,0,5,0,45,0.76,0.8,4,CRUISE,103,autorickshaw
19.4,97,0,5,0,45,0.76,0.8,4,CRUISE,103,autorickshaw
19.5,97.5,0,5,0,45,0.76,0.8,4,CRUISE,103,autorickshaw
19.6,98,0,5,0,45,0.76,0.8,4,CRUISE,103,autorickshaw
19.7,98.5,0,5,0,45,0.76,0.8,4,CRUISE,103,autorickshaw
19.8,99,0,5,0,45,0.76,0.8,4,CRUISE,103,autorickshaw
19.9,99.5,0,5,0,45,0.76,0.8,4,CRUISE,103,autorickshaw
20,100,0,5,0,45,0.76,0.8,4,CRUISE,103,autorickshaw
20.1,100.5,0,5,0,45,0.76,0.8,4,CRUISE,103,autorickshaw
20.2,101,0,5,0,45,0.76,0.8,4,CRUISE,103,autorickshaw
20.3,101.5,0,5,0,45,0.76,0.8,4,CRUISE,103,autorickshaw
20.4,102,0,5,0,45,0.76,0.8,4,CRUISE,103,autorickshaw
20.5,102.5,0,5,0,45,0.76,0.8,4,CRUISE,103,autorickshaw
20.6,103,0,5,0,45,0.76,0.8,4,CRUISE,103,autorickshaw
20.7,103.5,0,5,0,45,0.76,0.8,4,CRUISE,103,autorickshaw
20.8,104,0,5,0,45,0.76,0.8,4,CRUISE,103,autorickshaw
20.9,104.5,0,5,0,45,0.76,0.8,4,CRUISE,103,autorickshaw
21,105,0,5,0,45,0.76,0.8,4,CRUISE,103,autorickshaw
21.1,105.5,0,5,0,45,0.76,0.8,4,CRUISE,103,autorickshaw
21.2,106,0,5,0,45,0.76,0.8,4,CRUISE,103,autorickshaw
21.3,106.5,0,5,0,45,0.76,0.8,4,CRUISE,103,autorickshaw
21.4,107,0,5,0,45,0.76,0.8,4,CRUISE,103,autorickshaw
21.5,107.5,0,5,0,45,0.76,0.8,4,CRUISE,103,autorickshaw
21.6,108,0,5,0,45,0.76,0.8,4,CRUISE,103,autorickshaw
21.7,108.5,0,5,0,45,0.76,0.8,4,CRUISE,103,autorickshaw
21.8,109,0,5,0,45,0.76,0.8,4,CRUISE,103,autorickshaw
21.9,109.5,0,5,0,45,0.76,0.8,4,CRUISE,103,autorickshaw
22,110,0,5,0,45,0.76,0.8,4,CRUISE,103,autorickshaw
22.1,110.5,0,5,0,45,0.76,0.8,4,CRUISE,103,autorickshaw
22.2,111,0,5,0,45,0.76,0.8,4,CRUISE,103,autorickshaw
22.3,111.5,0,5,0,45,0.76,0.8,4,CRUISE,103,autorickshaw
22.4,112,0,5,0,45,0.76,0.8,4,CRUISE,103,autorickshaw
22.5,112.5,0,5,0,45,0.76,0.8,4,CRUISE,103,autorickshaw
22.6,113,0,5,0,45,0.76,0.8,4,CRUISE,103,autorickshaw
22.7,113.5,0,5,0,45,0.76,0.8,4,CRUISE,103,autorickshaw
22.8,114,0,5,0,45,0.76,0.8,4,CRUISE,103,autorickshaw
22.9,114.5,0,5,0,45,0.76,0.8,4,CRUISE,103,autorickshaw
23,115,0,5,0,45,0.76,0.8,4,CRUISE,103,autorickshaw
23.1,115.5,0,5,0,45,0.76,0.8,4,CRUISE,103,autorickshaw
23.2,116,0,5,0,45,0.76,0.8,4,CRUISE,103,autorickshaw
23.3,116.5,0,5,0,45,0.76,0.8,4,CRUISE,103,autorickshaw
23.4,117,0,5,0,45,0.76,0.8,4,CRUISE,103,autorickshaw
23.5,117.5,0,5,0,45,0.76,0.8,4,CRUISE,103,autorickshaw
23.6,118,0,5,0,45,0.76,0.8,4,CRUISE,103,autorickshaw
23.7,118.5,0,5,0,45,0.76,0.8,4,CRUISE,103,autorickshaw
23.8,119,0,5,0,45,0.76,0.8,4,CRUISE,103,autorickshaw
23.9,119.5,0,5,0,45,0.76,0.8,4,CRUISE,103,autorickshaw
24,120,0,5,0,45,0.76,0.8,4,CRUISE,103,autorickshaw
24.1,120.5,0,5,0,45,0.76,0.8,4,CRUISE,103,autorickshaw
24.2,121,0,5,0,45,0.76,0.8,4,CRUISE,103,autorickshaw
24.3,121.5,0,5,0,45,0.76,0.8,4,CRUISE,103,autorickshaw
24.4,122,0,5,0,45,0.76,0.8,4,CRUISE,103,autorickshaw
24.5,122.5,0,5,0,45,0.76,0.8,4,CRUISE,103,autorickshaw
24.6,123,0,5,0,45,0.76,0.8,4,CRUISE,103,autorickshaw
24.7,123.5,0,5,0,45,0.76,0.8,4,CRUISE,103,autorickshaw
24.8,124,0,5,0,45,0.76,0.8,4,CRUISE,103,autorickshaw
24.9,124.5,0,5,0,45,0.76,0.8,4,CRUISE,103,autorickshaw
25,125,0,5,0,45,0.76,0.8,4,CRUISE,103,autorickshaw
25.1,125.5,0,5,0,45,0.76,0.8,4,CRUISE,103,autorickshaw
25.2,126,0,5,0,45,0.76,0.8,4,CRUISE,103,autorickshaw
25.3,126.5,0,5,0,45,0.76,0.8,4,CRUISE,103,autorickshaw
25.4,127,0,5,0,45,0.76,0.8,4,CRUISE,103,autorickshaw
25.5,127.5,0,5,0,45,0.76,0.8,4,CRUISE,103,autorickshaw
25.6,128,0,5,0,45,0.76,0.8,4,CRUISE,103,autorickshaw
25.7,128.5,0,5,0,45,0.76,0.8,4,CRUISE,103,autorickshaw
25.8,129,0,5,0,45,0.76,0.8,4,CRUISE,103,autorickshaw
25.9,129.5,0,5,0,45,0.76,0.8,4,CRUISE,103,autorickshaw
26,130,0,5,0,45,0.76,0.8,4,CRUISE,103,autorickshaw
26.1,130.5,0,5,0,45,0.76,0.8,4,CRUISE,103,autorickshaw
26.2,131,0,5,0,45,0.76,0.8,4,CRUISE,103,autorickshaw
26.3,131.5,0,5,0,45,0.76,0.8,4,CRUISE,103,autorickshaw
26.4,132,0,5,0,45,0.76,0.8,4,CRUISE,103,autorickshaw
26.5,132.5,0,5,0,45,0.76,0.8,4,CRUISE,103,autorickshaw
26.6,133,0,5,0,45,0.76,0.8,4,CRUISE,103,autorickshaw
26.7,133.5,0,5,0,45,0.76,0.8,4,CRUISE,103,autorickshaw
26.8,134,0,5,0,45,0.76,0.8,4,CRUISE,103,autorickshaw
26.9,134.5,0,5,0,45,0.76,0.8,4,CRUISE,103,autorickshaw
27,135,0,5,0,45,0.76,0.8,4,CRUISE,103,autorickshaw
27.1,135.5,0,5,0,45,0.76,0.8,4,CRUISE,103,autorickshaw
27.2,136,0,5,0,45,0.76,0.8,4,CRUISE,103,autorickshaw
27.3,136.5,0,5,0,45,0.76,0.8,4,CRUISE,103,autorickshaw
27.4,137,0,5,0,45,0.76,0.8,4,CRUISE,103,autorickshaw
27.5,137.5,0,5,0,45,0.76,0.8,4,CRUISE,103,autorickshaw
27.6,138,0,5,0,45,0.76,0.8,4,CRUISE,103,autorickshaw
27.7,138.5,0,5,0,45,0.76,0.8,4,CRUISE,103,autorickshaw
27.8,139,0,5,0,45,0.76,0.8,4,CRUISE,103,autorickshaw
27.9,139.5,0,5,0,45,0.76,0.8,4,CRUISE,103,autorickshaw
28,140,0,5,0,45,0.76,0.8,4,CRUISE,103,autorickshaw
28.1,140.5,0,5,0,45,0.76,0.8,4,CRUISE,103,autorickshaw
28.2,141,0,5,0,45,0.76,0.8,4,CRUISE,103,autorickshaw
28.3,141.5,0,5,0,45,0.76,0.8,4,CRUISE,103,autorickshaw
28.4,142,0,5,0,45,0.76,0.8,4,CRUISE,103,autorickshaw
28.5,142.5,0,5,0,45,0.76,0.8,4,CRUISE,103,autorickshaw
28.6,143,0,5,0,45,0.76,0.8,4,CRUISE,103,autorickshaw
28.7,143.5,0,5,0,45,0.76,0.8,4,CRUISE,103,autorickshaw
28.8,144,0,5,0,45,0.76,0.8,4,CRUISE,103,autorickshaw
28.9,144.5,0,5,0,45,0.76,0.8,4,CRUISE,103,autorickshaw
29,145,0,5,0,45,0.76,0.8,4,CRUISE,103,autorickshaw
29.1,145.5,0,5,0,45,0.76,0.8,4,CRUISE,103,autorickshaw
29.2,146,0,5,0,45,0.76,0.8,4,CRUISE,103,autorickshaw
29.3,146.5,0,5,0,45,0.76,0.8,4,CRUISE,103,autorickshaw
29.4,147,0,5,0,45,0.76,0.8,4,CRUISE,103,autorickshaw
29.5,147.5,0,5,0,45,0.76,0.8,4,CRUISE,103,autorickshaw
29.6,148,0,5,0,45,0.76,0.8,4,CRUISE,103,autorickshaw
29.7,148.5,0,5,0,45,0.76,0.8,4,CRUISE,103,autorickshaw
29.8,149,0,5,0,45,0.76,0.8,4,CRUISE,103,autorickshaw
29.9,149.5,0,5,0,45,0.76,0.8,4,CRUISE,103,autorickshaw
30,150,0,5,0,45,0.76,0.8,4,CRUISE,103,autorickshaw
