time,ego_x,ego_y,ego_yaw,agent_id,agent_x,agent_y,collision_flag,replans,planning_latency_ms,control_latency_ms
0.00,0.350,0.000,0.00,pedestrian_vendor,35.000,-2.500,0,0,3.58,0.47
0.10,0.700,0.000,0.00,pedestrian_vendor,35.000,-2.500,0,0,3.70,0.46
0.20,1.050,0.000,0.00,pedestrian_vendor,35.000,-2.500,0,0,3.81,0.45
0.30,1.400,0.000,0.00,pedestrian_vendor,35.000,-2.500,0,0,3.89,0.42
0.40,1.750,0.000,0.00,pedestrian_vendor,35.000,-2.500,0,0,3.95,0.40
0.50,2.100,0.000,0.00,pedestrian_vendor,35.000,-2.500,0,0,3.98,0.38
0.60,2.450,0.000,0.00,pedestrian_vendor,35.000,-2.500,0,0,3.97,0.37
0.70,2.800,0.000,0.00,pedestrian_vendor,35.000,-2.500,0,0,3.93,0.37
0.80,3.150,0.000,0.00,pedestrian_vendor,35.000,-2.500,0,0,3.85,0.39
0.90,3.500,0.000,0.00,pedestrian_vendor,35.000,-2.500,0,0,3.75,0.41
1.00,3.850,0.000,0.00,pedestrian_vendor,35.000,-2.500,0,0,3.64,0.43
1.10,4.200,0.000,0.00,pedestrian_vendor,35.000,-2.410,0,0,3.52,0.46
1.20,4.550,0.000,0.00,pedestrian_vendor,35.000,-2.320,0,0,3.40,0.47
1.30,4.900,0.000,0.00,pedestrian_vendor,35.000,-2.230,0,0,3.30,0.47
1.40,5.250,0.000,0.00,pedestrian_vendor,35.000,-2.140,0,0,3.23,0.46
1.50,5.600,0.000,0.00,pedestrian_vendor,35.000,-2.050,0,0,3.19,0.44
1.60,5.950,0.000,0.00,pedestrian_vendor,35.000,-1.960,0,0,3.18,0.41
1.70,6.300,0.000,0.00,pedestrian_vendor,35.000,-1.870,0,0,3.21,0.39
1.80,6.650,0.000,0.00,pedestrian_vendor,35.000,-1.780,0,0,3.27,0.37
1.90,7.000,0.000,0.00,pedestrian_vendor,35.000,-1.690,0,0,3.36,0.37
2.00,7.350,0.000,0.00,pedestrian_vendor,35.000,-1.600,0,0,3.47,0.38
2.10,7.700,0.000,0.00,pedestrian_vendor,35.000,-1.510,0,0,3.59,0.40
2.20,8.050,0.000,0.00,pedestrian_vendor,35.000,-1.420,0,0,3.70,0.42
2.30,8.400,0.000,0.00,pedestrian_vendor,35.000,-1.330,0,0,3.81,0.44
2.40,8.750,0.000,0.00,pedestrian_vendor,35.000,-1.240,0,0,3.90,0.46
2.50,9.100,0.000,0.00,pedestrian_vendor,35.000,-1.150,0,0,3.96,0.47
2.60,9.450,0.000,0.00,pedestrian_vendor,35.000,-1.060,0,0,3.98,0.47
2.70,9.800,0.000,0.00,pedestrian_vendor,35.000,-0.970,0,0,3.97,0.45
2.80,10.150,0.000,0.00,pedestrian_vendor,35.000,-0.880,0,0,3.92,0.43
2.90,10.500,0.000,0.00,pedestrian_vendor,35.000,-0.790,0,0,3.85,0.40
3.00,10.850,0.000,0.00,pedestrian_vendor,35.000,-0.700,0,0,3.74,0.38
3.10,11.200,0.000,0.00,pedestrian_vendor,35.000,-0.610,0,0,3.63,0.37
3.20,11.550,0.000,0.00,pedestrian_vendor,35.000,-0.520,0,0,3.51,0.37
3.30,11.900,0.000,0.00,pedestrian_vendor,35.000,-0.430,0,0,3.40,0.38
3.40,12.250,0.000,0.00,pedestrian_vendor,35.000,-0.340,0,0,3.30,0.41
3.50,12.600,0.000,0.00,pedestrian_vendor,35.000,-0.250,0,0,3.23,0.43
3.60,12.950,0.000,0.00,pedestrian_vendor,35.000,-0.160,0,0,3.19,0.45
3.70,13.300,0.000,0.00,pedestrian_vendor,35.000,-0.070,0,0,3.18,0.47
3.80,13.650,0.000,0.00,pedestrian_vendor,35.000,0.020,0,0,3.21,0.47
3.90,14.000,0.000,0.00,pedestrian_vendor,35.000,0.110,0,0,3.28,0.46
4.00,14.350,0.000,0.00,pedestrian_vendor,35.000,0.200,0,0,3.37,0.44
4.10,14.700,0.000,0.00,pedestrian_vendor,35.000,0.290,0,0,3.47,0.42
4.20,15.050,0.000,0.00,pedestrian_vendor,35.000,0.380,0,0,3.59,0.39
4.30,15.400,0.000,0.00,pedestrian_vendor,35.000,0.470,0,0,3.71,0.38
4.40,15.750,0.000,0.00,pedestrian_vendor,35.000,0.560,0,0,3.82,0.37
4.50,16.100,0.000,0.00,pedestrian_vendor,35.000,0.650,0,0,3.90,0.38
4.60,16.450,0.000,0.00,pedestrian_vendor,35.000,0.740,0,0,3.96,0.39
4.70,16.800,0.000,0.00,pedestrian_vendor,35.000,0.830,0,0,3.98,0.42
4.80,17.150,0.000,0.00,pedestrian_vendor,35.000,0.920,0,0,3.97,0.44
4.90,17.500,0.000,0.00,pedestrian_vendor,35.000,1.010,0,0,3.92,0.46
5.00,17.850,0.000,0.00,pedestrian_vendor,35.000,1.100,0,0,3.84,0.47
5.10,18.200,0.000,0.00,pedestrian_vendor,35.000,1.190,0,0,3.74,0.47
5.20,18.550,0.000,0.00,pedestrian_vendor,35.000,1.280,0,0,3.62,0.45
5.30,18.900,0.000,0.00,pedestrian_vendor,35.000,1.370,0,0,3.50,0.43
5.40,19.250,0.000,0.00,pedestrian_vendor,35.000,1.460,0,0,3.39,0.41
5.50,19.600,0.000,0.00,pedestrian_vendor,35.000,1.500,0,0,3.30,0.38
5.60,19.950,0.000,0.00,pedestrian_vendor,35.000,1.500,0,0,3.22,0.37
5.70,20.300,0.000,0.00,pedestrian_vendor,35.000,1.500,0,0,3.19,0.37
5.80,20.635,0.000,0.00,pedestrian_vendor,35.000,1.500,0,1,4.38,0.38
5.90,20.955,0.000,0.00,pedestrian_vendor,35.000,1.500,0,2,4.41,0.40
6.00,21.260,0.000,0.00,pedestrian_vendor,35.000,1.500,0,3,4.48,0.43
6.10,21.550,0.000,0.00,pedestrian_vendor,35.000,1.500,0,4,4.57,0.45
6.20,21.825,0.000,0.00,pedestrian_vendor,35.000,1.500,0,5,4.68,0.47
6.30,22.085,0.000,0.00,pedestrian_vendor,35.000,1.500,0,6,4.80,0.47
6.40,22.330,0.000,0.00,pedestrian_vendor,35.000,1.500,0,7,4.92,0.46
6.50,22.560,0.000,0.00,pedestrian_vendor,35.000,1.500,0,8,5.02,0.44
6.60,22.775,0.000,0.00,pedestrian_vendor,35.000,1.500,0,9,5.11,0.42
6.70,22.975,0.000,0.00,pedestrian_vendor,35.000,1.500,0,10,5.16,0.40
6.80,23.160,0.000,0.00,pedestrian_vendor,35.000,1.500,0,11,5.18,0.38
6.90,23.330,0.000,0.00,pedestrian_vendor,35.000,1.500,0,12,5.16,0.37
7.00,23.485,0.000,0.00,pedestrian_vendor,35.000,1.500,0,13,5.11,0.37
7.10,23.625,0.000,0.00,pedestrian_vendor,35.000,1.500,0,14,5.03,0.39
7.20,23.750,0.000,0.00,pedestrian_vendor,35.000,1.500,0,15,4.93,0.41
7.30,23.860,0.000,0.00,pedestrian_vendor,35.000,1.500,0,16,4.82,0.44
7.40,23.955,0.000,0.00,pedestrian_vendor,35.000,1.500,0,17,4.70,0.46
7.50,24.035,0.000,0.00,pedestrian_vendor,35.000,1.500,0,18,4.59,0.47
7.60,24.100,0.000,0.00,pedestrian_vendor,35.000,1.500,0,19,4.49,0.47
7.70,24.150,0.000,0.00,pedestrian_vendor,35.000,1.500,0,20,4.42,0.45
7.80,24.185,0.000,0.00,pedestrian_vendor,35.000,1.500,0,21,4.39,0.43
7.90,24.205,0.000,0.00,pedestrian_vendor,35.000,1.500,0,22,4.38,0.41
8.00,24.210,0.000,0.00,pedestrian_vendor,35.000,1.500,0,23,4.42,0.39
8.10,24.210,0.000,0.00,pedestrian_vendor,35.000,1.500,0,24,4.48,0.37
8.20,24.210,0.000,0.00,pedestrian_vendor,35.000,1.500,0,25,4.58,0.37
8.30,24.210,0.000,0.00,pedestrian_vendor,35.000,1.500,0,26,4.69,0.38
8.40,24.210,0.000,0.00,pedestrian_vendor,35.000,1.500,0,27,4.81,0.40
8.50,24.210,0.000,0.00,pedestrian_vendor,35.000,1.500,0,28,4.92,0.42
8.60,24.210,0.000,0.00,pedestrian_vendor,35.000,1.500,0,29,5.03,0.45
8.70,24.210,0.000,0.00,pedestrian_vendor,35.000,1.500,0,30,5.11,0.46
8.80,24.210,0.000,0.00,pedestrian_vendor,35.000,1.500,0,31,5.16,0.47
8.90,24.210,0.000,0.00,pedestrian_vendor,35.000,1.500,0,32,5.18,0.46
9.00,24.210,0.000,0.00,pedestrian_vendor,35.000,1.500,0,33,5.16,0.45
9.10,24.210,0.000,0.00,pedestrian_vendor,35.000,1.500,0,34,5.11,0.42
9.20,24.210,0.000,0.00,pedestrian_vendor,35.000,1.500,0,35,5.03,0.40
9.30,24.210,0.000,0.00,pedestrian_vendor,35.000,1.500,0,36,4.93,0.38
9.40,24.210,0.000,0.00,pedestrian_vendor,35.000,1.500,0,37,4.81,0.37
9.50,24.210,0.000,0.00,pedestrian_vendor,35.000,1.500,0,38,4.69,0.37
9.60,24.210,0.000,0.00,pedestrian_vendor,35.000,1.500,0,39,4.58,0.39
9.70,24.210,0.000,0.00,pedestrian_vendor,35.000,1.500,0,40,4.49,0.41
9.80,24.210,0.000,0.00,pedestrian_vendor,35.000,1.500,0,41,4.42,0.44
9.90,24.210,0.000,0.00,pedestrian_vendor,35.000,1.500,0,42,4.38,0.46
10.00,24.210,0.000,0.00,pedestrian_vendor,35.000,1.500,0,43,4.38,0.47
10.10,24.210,0.000,0.00,pedestrian_vendor,35.000,1.500,0,44,4.42,0.47
10.20,24.210,0.000,0.00,pedestrian_vendor,35.000,1.500,0,45,4.49,0.46
10.30,24.210,0.000,0.00,pedestrian_vendor,35.000,1.500,0,46,4.58,0.44
10.40,24.210,0.000,0.00,pedestrian_vendor,35.000,1.500,0,47,4.69,0.41
10.50,24.210,0.000,0.00,pedestrian_vendor,35.000,1.500,0,48,4.81,0.39
10.60,24.210,0.000,0.00,pedestrian_vendor,35.000,1.500,0,49,4.93,0.37
10.70,24.210,0.000,0.00,pedestrian_vendor,35.000,1.500,0,50,5.03,0.37
10.80,24.210,0.000,0.00,pedestrian_vendor,35.000,1.500,0,51,5.11,0.38
10.90,24.210,0.000,0.00,pedestrian_vendor,35.000,1.500,0,52,5.16,0.40
11.00,24.210,0.000,0.00,pedestrian_vendor,35.000,1.500,0,53,5.18,0.42
11.10,24.210,0.000,0.00,pedestrian_vendor,35.000,1.500,0,54,5.16,0.44
11.20,24.210,0.000,0.00,pedestrian_vendor,35.000,1.500,0,55,5.11,0.46
11.30,24.210,0.000,0.00,pedestrian_vendor,35.000,1.500,0,56,5.02,0.47
11.40,24.210,0.000,0.00,pedestrian_vendor,35.000,1.500,0,57,4.92,0.46
11.50,24.210,0.000,0.00,pedestrian_vendor,35.000,1.500,0,58,4.80,0.45
11.60,24.210,0.000,0.00,pedestrian_vendor,35.000,1.500,0,59,4.68,0.43
11.70,24.210,0.000,0.00,pedestrian_vendor,35.000,1.500,0,60,4.57,0.40
11.80,24.210,0.000,0.00,pedestrian_vendor,35.000,1.500,0,61,4.48,0.38
11.90,24.210,0.000,0.00,pedestrian_vendor,35.000,1.500,0,62,4.42,0.37
12.00,24.210,0.000,0.00,pedestrian_vendor,35.000,1.500,0,63,4.38,0.37
12.10,24.210,0.000,0.00,pedestrian_vendor,35.000,1.500,0,64,4.39,0.39
12.20,24.210,0.000,0.00,pedestrian_vendor,35.000,1.500,0,65,4.42,0.41
12.30,24.210,0.000,0.00,pedestrian_vendor,35.000,1.500,0,66,4.49,0.43
12.40,24.210,0.000,0.00,pedestrian_vendor,35.000,1.500,0,67,4.59,0.45
12.50,24.210,0.000,0.00,pedestrian_vendor,35.000,1.500,0,68,4.70,0.47
12.60,24.210,0.000,0.00,pedestrian_vendor,35.000,1.500,0,69,4.82,0.47
12.70,24.210,0.000,0.00,pedestrian_vendor,35.000,1.500,0,70,4.94,0.46
12.80,24.210,0.000,0.00,pedestrian_vendor,35.000,1.500,0,71,5.04,0.44
12.90,24.210,0.000,0.00,pedestrian_vendor,35.000,1.500,0,72,5.12,0.42
13.00,24.210,0.000,0.00,pedestrian_vendor,35.000,1.500,0,73,5.17,0.39
13.10,24.210,0.000,0.00,pedestrian_vendor,35.000,1.500,0,74,5.18,0.38
13.20,24.210,0.000,0.00,pedestrian_vendor,35.000,1.500,0,75,5.16,0.37
13.30,24.210,0.000,0.00,pedestrian_vendor,35.000,1.500,0,76,5.10,0.38
13.40,24.210,0.000,0.00,pedestrian_vendor,35.000,1.500,0,77,5.02,0.39
13.50,24.210,0.000,0.00,pedestrian_vendor,35.000,1.500,0,78,4.91,0.42
13.60,24.210,0.000,0.00,pedestrian_vendor,35.000,1.500,0,79,4.80,0.44
13.70,24.210,0.000,0.00,pedestrian_vendor,35.000,1.500,0,80,4.68,0.46
13.80,24.210,0.000,0.00,pedestrian_vendor,35.000,1.500,0,81,4.57,0.47
13.90,24.210,0.000,0.00,pedestrian_vendor,35.000,1.500,0,82,4.48,0.47
14.00,24.210,0.000,0.00,pedestrian_vendor,35.000,1.500,0,83,4.41,0.45
14.10,24.210,0.000,0.00,pedestrian_vendor,35.000,1.500,0,84,4.38,0.43
14.20,24.210,0.000,0.00,pedestrian_vendor,35.000,1.500,0,85,4.39,0.40
14.30,24.210,0.000,0.00,pedestrian_vendor,35.000,1.500,0,86,4.43,0.38
14.40,24.210,0.000,0.00,pedestrian_vendor,35.000,1.500,0,87,4.50,0.37
14.50,24.210,0.000,0.00,pedestrian_vendor,35.000,1.500,0,88,4.59,0.37
14.60,24.210,0.000,0.00,pedestrian_vendor,35.000,1.500,0,89,4.71,0.38
14.70,24.210,0.000,0.00,pedestrian_vendor,35.000,1.500,0,90,4.83,0.40
14.80,24.210,0.000,0.00,pedestrian_vendor,35.000,1.500,0,91,4.94,0.43
14.90,24.210,0.000,0.00,pedestrian_vendor,35.000,1.500,0,92,5.04,0.45
15.00,24.210,0.000,0.00,pedestrian_vendor,35.000,1.500,0,93,5.12,0.47
15.10,24.210,0.000,0.00,pedestrian_vendor,35.000,1.500,0,94,5.17,0.47
15.20,24.210,0.000,0.00,pedestrian_vendor,35.000,1.500,0,95,5.18,0.46
15.30,24.210,0.000,0.00,pedestrian_vendor,35.000,1.500,0,96,5.16,0.44
15.40,24.210,0.000,0.00,pedestrian_vendor,35.000,1.500,0,97,5.10,0.42
15.50,24.210,0.000,0.00,pedestrian_vendor,35.000,1.500,0,98,5.01,0.39
15.60,24.210,0.000,0.00,pedestrian_vendor,35.000,1.500,0,99,4.91,0.38
15.70,24.210,0.000,0.00,pedestrian_vendor,35.000,1.500,0,100,4.79,0.37
15.80,24.210,0.000,0.00,pedestrian_vendor,35.000,1.500,0,101,4.67,0.38
15.90,24.210,0.000,0.00,pedestrian_vendor,35.000,1.500,0,102,4.56,0.39
16.00,24.210,0.000,0.00,pedestrian_vendor,35.000,1.500,0,103,4.47,0.41
16.10,24.210,0.000,0.00,pedestrian_vendor,35.000,1.500,0,104,4.41,0.44
16.20,24.210,0.000,0.00,pedestrian_vendor,35.000,1.500,0,105,4.38,0.46
16.30,24.210,0.000,0.00,pedestrian_vendor,35.000,1.500,0,106,4.39,0.47
16.40,24.210,0.000,0.00,pedestrian_vendor,35.000,1.500,0,107,4.43,0.47
16.50,24.210,0.000,0.00,pedestrian_vendor,35.000,1.500,0,108,4.50,0.45
16.60,24.210,0.000,0.00,pedestrian_vendor,35.000,1.500,0,109,4.60,0.43
16.70,24.210,0.000,0.00,pedestrian_vendor,35.000,1.500,0,110,4.71,0.41
16.80,24.210,0.000,0.00,pedestrian_vendor,35.000,1.500,0,111,4.83,0.39
16.90,24.210,0.000,0.00,pedestrian_vendor,35.000,1.500,0,112,4.95,0.37
17.00,24.210,0.000,0.00,pedestrian_vendor,35.000,1.500,0,113,5.05,0.37
17.10,24.210,0.000,0.00,pedestrian_vendor,35.000,1.500,0,114,5.12,0.38
17.20,24.210,0.000,0.00,pedestrian_vendor,35.000,1.500,0,115,5.17,0.40
17.30,24.210,0.000,0.00,pedestrian_vendor,35.000,1.500,0,116,5.18,0.43
17.40,24.210,0.000,0.00,pedestrian_vendor,35.000,1.500,0,117,5.15,0.45
17.50,24.210,0.000,0.00,pedestrian_vendor,35.000,1.500,0,118,5.10,0.46
17.60,24.210,0.000,0.00,pedestrian_vendor,35.000,1.500,0,119,5.01,0.47
17.70,24.210,0.000,0.00,pedestrian_vendor,35.000,1.500,0,120,4.90,0.46
17.80,24.210,0.000,0.00,pedestrian_vendor,35.000,1.500,0,121,4.78,0.45
17.90,24.210,0.000,0.00,pedestrian_vendor,35.000,1.500,0,122,4.66,0.42
18.00,24.210,0.000,0.00,pedestrian_vendor,35.000,1.500,0,123,4.56,0.40
18.10,24.210,0.000,0.00,pedestrian_vendor,35.000,1.500,0,124,4.47,0.38
18.20,24.210,0.000,0.00,pedestrian_vendor,35.000,1.500,0,125,4.41,0.37
18.30,24.210,0.000,0.00,pedestrian_vendor,35.000,1.500,0,126,4.38,0.37
18.40,24.210,0.000,0.00,pedestrian_vendor,35.000,1.500,0,127,4.39,0.39
18.50,24.210,0.000,0.00,pedestrian_vendor,35.000,1.500,0,128,4.43,0.41
18.60,24.210,0.000,0.00,pedestrian_vendor,35.000,1.500,0,129,4.51,0.44
18.70,24.210,0.000,0.00,pedestrian_vendor,35.000,1.500,0,130,4.61,0.46
18.80,24.210,0.000,0.00,pedestrian_vendor,35.000,1.500,0,131,4.72,0.47
18.90,24.210,0.000,0.00,pedestrian_vendor,35.000,1.500,0,132,4.84,0.47
19.00,24.210,0.000,0.00,pedestrian_vendor,35.000,1.500,0,133,4.95,0.46
19.10,24.210,0.000,0.00,pedestrian_vendor,35.000,1.500,0,134,5.05,0.44
19.20,24.210,0.000,0.00,pedestrian_vendor,35.000,1.500,0,135,5.13,0.41
19.30,24.210,0.000,0.00,pedestrian_vendor,35.000,1.500,0,136,5.17,0.39
19.40,24.210,0.000,0.00,pedestrian_vendor,35.000,1.500,0,137,5.18,0.37
19.50,24.210,0.000,0.00,pedestrian_vendor,35.000,1.500,0,138,5.15,0.37
19.60,24.210,0.000,0.00,pedestrian_vendor,35.000,1.500,0,139,5.09,0.38
19.70,24.210,0.000,0.00,pedestrian_vendor,35.000,1.500,0,140,5.00,0.40
19.80,24.210,0.000,0.00,pedestrian_vendor,35.000,1.500,0,141,4.89,0.42
19.90,24.210,0.000,0.00,pedestrian_vendor,35.000,1.500,0,142,4.78,0.45
20.00,24.210,0.000,0.00,pedestrian_vendor,35.000,1.500,0,143,4.66,0.46
20.10,24.210,0.000,0.00,pedestrian_vendor,35.000,1.500,0,144,4.55,0.47
20.20,24.210,0.000,0.00,pedestrian_vendor,35.000,1.500,0,145,4.46,0.46
20.30,24.210,0.000,0.00,pedestrian_vendor,35.000,1.500,0,146,4.41,0.45
20.40,24.210,0.000,0.00,pedestrian_vendor,35.000,1.500,0,147,4.38,0.43
20.50,24.210,0.000,0.00,pedestrian_vendor,35.000,1.500,0,148,4.39,0.40
20.60,24.210,0.000,0.00,pedestrian_vendor,35.000,1.500,0,149,4.44,0.38
20.70,24.210,0.000,0.00,pedestrian_vendor,35.000,1.500,0,150,4.51,0.37
20.80,24.210,0.000,0.00,pedestrian_vendor,35.000,1.500,0,151,4.61,0.37
20.90,24.210,0.000,0.00,pedestrian_vendor,35.000,1.500,0,152,4.73,0.39
21.00,24.210,0.000,0.00,pedestrian_vendor,35.000,1.500,0,153,4.85,0.41
21.10,24.210,0.000,0.00,pedestrian_vendor,35.000,1.500,0,154,4.96,0.43
21.20,24.210,0.000,0.00,pedestrian_vendor,35.000,1.500,0,155,5.06,0.45
21.30,24.210,0.000,0.00,pedestrian_vendor,35.000,1.500,0,156,5.13,0.47
21.40,24.210,0.000,0.00,pedestrian_vendor,35.000,1.500,0,157,5.17,0.47
21.50,24.210,0.000,0.00,pedestrian_vendor,35.000,1.500,0,158,5.18,0.46
21.60,24.210,0.000,0.00,pedestrian_vendor,35.000,1.500,0,159,5.15,0.44
21.70,24.210,0.000,0.00,pedestrian_vendor,35.000,1.500,0,160,5.09,0.41
21.80,24.210,0.000,0.00,pedestrian_vendor,35.000,1.500,0,161,5.00,0.39
21.90,24.210,0.000,0.00,pedestrian_vendor,35.000,1.500,0,162,4.89,0.38
22.00,24.210,0.000,0.00,pedestrian_vendor,35.000,1.500,0,163,4.77,0.37
22.10,24.210,0.000,0.00,pedestrian_vendor,35.000,1.500,0,164,4.65,0.38
22.20,24.210,0.000,0.00,pedestrian_vendor,35.000,1.500,0,165,4.55,0.39
22.30,24.210,0.000,0.00,pedestrian_vendor,35.000,1.500,0,166,4.46,0.42
22.40,24.210,0.000,0.00,pedestrian_vendor,35.000,1.500,0,167,4.40,0.44
22.50,24.210,0.000,0.00,pedestrian_vendor,35.000,1.500,0,168,4.38,0.46
22.60,24.210,0.000,0.00,pedestrian_vendor,35.000,1.500,0,169,4.39,0.47
22.70,24.210,0.000,0.00,pedestrian_vendor,35.000,1.500,0,170,4.44,0.47
22.80,24.210,0.000,0.00,pedestrian_vendor,35.000,1.500,0,171,4.52,0.45
22.90,24.210,0.000,0.00,pedestrian_vendor,35.000,1.500,0,172,4.62,0.43
23.00,24.210,0.000,0.00,pedestrian_vendor,35.000,1.500,0,173,4.73,0.40
23.10,24.210,0.000,0.00,pedestrian_vendor,35.000,1.500,0,174,4.85,0.38
23.20,24.210,0.000,0.00,pedestrian_vendor,35.000,1.500,0,175,4.97,0.37
23.30,24.210,0.000,0.00,pedestrian_vendor,35.000,1.500,0,176,5.06,0.37
23.40,24.210,0.000,0.00,pedestrian_vendor,35.000,1.500,0,177,5.13,0.38
23.50,24.210,0.000,0.00,pedestrian_vendor,35.000,1.500,0,178,5.17,0.40
23.60,24.210,0.000,0.00,pedestrian_vendor,35.000,1.500,0,179,5.18,0.43
23.70,24.210,0.000,0.00,pedestrian_vendor,35.000,1.500,0,180,5.15,0.45
23.80,24.210,0.000,0.00,pedestrian_vendor,35.000,1.500,0,181,5.08,0.47
23.90,24.210,0.000,0.00,pedestrian_vendor,35.000,1.500,0,182,4.99,0.47
24.00,24.210,0.000,0.00,pedestrian_vendor,35.000,1.500,0,183,4.88,0.46
24.10,24.210,0.000,0.00,pedestrian_vendor,35.000,1.500,0,184,4.76,0.44
24.20,24.210,0.000,0.00,pedestrian_vendor,35.000,1.500,0,185,4.65,0.42
24.30,24.210,0.000,0.00,pedestrian_vendor,35.000,1.500,0,186,4.54,0.39
24.40,24.210,0.000,0.00,pedestrian_vendor,35.000,1.500,0,187,4.46,0.38
24.50,24.210,0.000,0.00,pedestrian_vendor,35.000,1.500,0,188,4.40,0.37
24.60,24.210,0.000,0.00,pedestrian_vendor,35.000,1.500,0,189,4.38,0.38
24.70,24.210,0.000,0.00,pedestrian_vendor,35.000,1.500,0,190,4.39,0.39
24.80,24.210,0.000,0.00,pedestrian_vendor,35.000,1.500,0,191,4.44,0.42
24.90,24.210,0.000,0.00,pedestrian_vendor,35.000,1.500,0,192,4.52,0.44
25.00,24.210,0.000,0.00,pedestrian_vendor,35.000,1.500,0,193,4.62,0.46
